id,nama,email
1,Terry Medhurst,TerryMedhurst@gmail.com
2,Sheldon Quigley,SheldonQuigley@gmail.com
3,Terrill Hills,TerrillHills@gmail.com
4,Miles Cummerata,MilesCummerata@gmail.com
5,Mavis Schultz,MavisSchultz@gmail.com
6,Alison Reichert,AlisonReichert@gmail.com
7,Oleta Abbott,OletaAbbott@gmail.com
8,Ewell Mueller,EwellMueller@gmail.com
9,Demetrius Corkery,DemetriusCorkery@gmail.com
10,Eleanora Price,EleanoraPrice@gmail.com
11,Marcel Jones,MarcelJones@gmail.com
12,Assunta Rath,AssuntaRath@gmail.com
13,Trace Douglas,TraceDouglas@gmail.com
14,Enoch Lynch,EnochLynch@gmail.com
15,Jeanne Halvorson,JeanneHalvorson@gmail.com
16,Trycia Fadel,TryciaFadel@gmail.com
17,Bradford Prohaska,BradfordProhaska@gmail.com
18,Arely Skiles,ArelySkiles@gmail.com
19,Gust Purdy,GustPurdy@gmail.com
20,Lenna Renner,LennaRenner@gmail.com
21,Doyle Ernser,DoyleErnser@gmail.com
22,Tressa Weber,TressaWeber@gmail.com
23,Felicity O'Reilly,FelicityO'Reilly@gmail.com
24,Jocelyn Schuster,JocelynSchuster@gmail.com
25,Edwina Ernser,EdwinaErnser@gmail.com
26,Griffin Braun,GriffinBraun@gmail.com
27,Piper Schowalter,PiperSchowalter@gmail.com
28,Kody Terry,KodyTerry@gmail.com
29,Macy Greenfelder,MacyGreenfelder@gmail.com
30,Maurine Stracke,MaurineStracke@gmail.com
31,Luciano Sauer,LucianoSauer@gmail.com
32,Kaya Emard,KayaEmard@gmail.com
33,Lee Schmidt,LeeSchmidt@gmail.com
34,Darien Witting,DarienWitting@gmail.com
35,Jacklyn Schimmel,JacklynSchimmel@gmail.com
36,Angelica Baumbach,AngelicaBaumbach@gmail.com
37,Delfina Ziemann,DelfinaZiemann@gmail.com
38,Thaddeus McCullough,ThaddeusMcCullough@gmail.com
39,Salvatore Fisher,SalvatoreFisher@gmail.com
40,Jasmin Hermiston,JasminHermiston@gmail.com
41,Nicklaus Cruickshank,NicklausCruickshank@gmail.com
42,Tiara Rolfson,TiaraRolfson@gmail.com
43,Garret Klocko,GarretKlocko@gmail.com
44,Reginald Wisoky,ReginaldWisoky@gmail.com
45,Humberto Botsford,HumbertoBotsford@gmail.com
46,Justus Sipes,JustusSipes@gmail.com
47,Coralie Boyle,CoralieBoyle@gmail.com
48,Felicita Gibson,FelicitaGibson@gmail.com
49,Pearl Blick,PearlBlick@gmail.com
50,Johnathon Predovic,JohnathonPredovic@gmail.com
